Gregorian Date,Hypothetical Year,Hypothetical Month,Hypothetical Day
1582-01-01,1582,1,1
1583-01-01,1582,12,30
1584-01-01,1583,11,30
1584-12-31,1584,10,30
1585-12-31,1585,9,30
1586-12-31,1586,8,29
1587-12-31,1587,7,29
1588-12-30,1588,6,29
1589-12-30,1589,5,29
1590-12-30,1590,4,28
1591-12-30,1591,3,28
1592-12-29,1592,2,28
1593-12-29,1593,1,28
1594-12-29,1593,13,27
1595-12-29,1594,12,27
1596-12-28,1595,11,27
1597-12-28,1596,10,27
1598-12-28,1597,9,26
1599-12-28,1598,8,26
1600-12-27,1599,7,26
1601-12-27,1600,6,26
1602-12-27,1601,5,25
1603-12-27,1602,4,25
1604-12-26,1603,3,25
1605-12-26,1604,2,25
1606-12-26,1605,1,25
1607-12-26,1605,13,24
1608-12-25,1606,12,24
1609-12-25,1607,11,24
1610-12-25,1608,10,24
1611-12-25,1609,9,23
1612-12-24,1610,8,23
1613-12-24,1611,7,23
1614-12-24,1612,6,23
1615-12-24,1613,5,22
1616-12-23,1614,4,22
1617-12-23,1615,3,22
1618-12-23,1616,2,22
1619-12-23,1617,1,21
1620-12-22,1617,13,21
1621-12-22,1618,12,21
1622-12-22,1619,11,21
1623-12-22,1620,10,20
1624-12-21,1621,9,20
1625-12-21,1622,8,20
1626-12-21,1623,7,20
1627-12-21,1624,6,20
1628-12-20,1625,5,19
1629-12-20,1626,4,19
1630-12-20,1627,3,19
1631-12-20,1628,2,19
1632-12-19,1629,1,18
1633-12-19,1629,13,18
1634-12-19,1630,12,18
1635-12-19,1631,11,18
1636-12-18,1632,10,17
1637-12-18,1633,9,17
1638-12-18,1634,8,17
1639-12-18,1635,7,17
1640-12-17,1636,6,16
1641-12-17,1637,5,16
1642-12-17,1638,4,16
1643-12-17,1639,3,16
1644-12-16,1640,2,15
1645-12-16,1641,1,15
1646-12-16,1641,13,15
1647-12-16,1642,12,15
1648-12-15,1643,11,14
1649-12-15,1644,10,14
1650-12-15,1645,9,14
1651-12-15,1646,8,14
1652-12-14,1647,7,14
1653-12-14,1648,6,13
1654-12-14,1649,5,13
1655-12-14,1650,4,13
1656-12-13,1651,3,13
1657-12-13,1652,2,12
1658-12-13,1653,1,12
1659-12-13,1653,13,12
1660-12-12,1654,12,12
1661-12-12,1655,11,11
1662-12-12,1656,10,11
1663-12-12,1657,9,11
1664-12-11,1658,8,11
1665-12-11,1659,7,10
1666-12-11,1660,6,10
1667-12-11,1661,5,10
1668-12-10,1662,4,10
1669-12-10,1663,3,9
1670-12-10,1664,2,9
1671-12-10,1665,1,9
1672-12-09,1665,13,9
1673-12-09,1666,12,9
1674-12-09,1667,11,8
1675-12-09,1668,10,8
1676-12-08,1669,9,8
1677-12-08,1670,8,8
1678-12-08,1671,7,7
1679-12-08,1672,6,7
1680-12-07,1673,5,7
1681-12-07,1674,4,7
1682-12-07,1675,3,6
1683-12-07,1676,2,6
1684-12-06,1677,1,6
1685-12-06,1677,13,6
1686-12-06,1678,12,5
1687-12-06,1679,11,5
1688-12-05,1680,10,5
1689-12-05,1681,9,5
1690-12-05,1682,8,4
1691-12-05,1683,7,4
1692-12-04,1684,6,4
1693-12-04,1685,5,4
1694-12-04,1686,4,3
1695-12-04,1687,3,3
1696-12-03,1688,2,3
1697-12-03,1689,1,3
1698-12-03,1689,13,3
1699-12-03,1690,12,2
1700-12-03,1691,11,2
1701-12-03,1692,10,2
1702-12-03,1693,9,2
1703-12-03,1694,8,1
1704-12-02,1695,7,1
1705-12-02,1696,6,1
1706-12-02,1697,5,1
1707-12-02,1698,3,30
1708-12-01,1699,2,30
1709-12-01,1700,1,30
1710-12-01,1700,13,30
1711-12-01,1701,12,29
1712-11-30,1702,11,29
1713-11-30,1703,10,29
1714-11-30,1704,9,29
1715-11-30,1705,8,28
1716-11-29,1706,7,28
1717-11-29,1707,6,28
1718-11-29,1708,5,28
1719-11-29,1709,4,28
1720-11-28,1710,3,27
1721-11-28,1711,2,27
1722-11-28,1712,1,27
1723-11-28,1712,13,27
1724-11-27,1713,12,26
1725-11-27,1714,11,26
1726-11-27,1715,10,26
1727-11-27,1716,9,26
1728-11-26,1717,8,25
1729-11-26,1718,7,25
1730-11-26,1719,6,25
1731-11-26,1720,5,25
1732-11-25,1721,4,24
1733-11-25,1722,3,24
1734-11-25,1723,2,24
1735-11-25,1724,1,24
1736-11-24,1724,13,23
1737-11-24,1725,12,23
1738-11-24,1726,11,23
1739-11-24,1727,10,23
1740-11-23,1728,9,22
1741-11-23,1729,8,22
1742-11-23,1730,7,22
1743-11-23,1731,6,22
1744-11-22,1732,5,22
1745-11-22,1733,4,21
1746-11-22,1734,3,21
1747-11-22,1735,2,21
1748-11-21,1736,1,21
1749-11-21,1736,13,20
1750-11-21,1737,12,20
1751-11-21,1738,11,20
1752-11-20,1739,10,20
1753-11-20,1740,9,19
1754-11-20,1741,8,19
1755-11-20,1742,7,19
1756-11-19,1743,6,19
1757-11-19,1744,5,18
1758-11-19,1745,4,18
1759-11-19,1746,3,18
1760-11-18,1747,2,18
1761-11-18,1748,1,17
1762-11-18,1748,13,17
1763-11-18,1749,12,17
1764-11-17,1750,11,17
1765-11-17,1751,10,17
1766-11-17,1752,9,16
1767-11-17,1753,8,16
1768-11-16,1754,7,16
1769-11-16,1755,6,16
1770-11-16,1756,5,15
1771-11-16,1757,4,15
1772-11-15,1758,3,15
1773-11-15,1759,2,15
1774-11-15,1760,1,14
1775-11-15,1760,13,14
1776-11-14,1761,12,14
1777-11-14,1762,11,14
1778-11-14,1763,10,13
1779-11-14,1764,9,13
1780-11-13,1765,8,13
1781-11-13,1766,7,13
1782-11-13,1767,6,12
1783-11-13,1768,5,12
1784-11-12,1769,4,12
1785-11-12,1770,3,12
1786-11-12,1771,2,12
1787-11-12,1772,1,11
1788-11-11,1772,13,11
1789-11-11,1773,12,11
1790-11-11,1774,11,11
1791-11-11,1775,10,10
1792-11-10,1776,9,10
1793-11-10,1777,8,10
1794-11-10,1778,7,10
1795-11-10,1779,6,9
1796-11-09,1780,5,9
1797-11-09,1781,4,9
1798-11-09,1782,3,9
1799-11-09,1783,2,8
1800-11-09,1784,1,8
1801-11-09,1784,13,8
1802-11-09,1785,12,8
1803-11-09,1786,11,7
1804-11-08,1787,10,7
1805-11-08,1788,9,7
1806-11-08,1789,8,7
1807-11-08,1790,7,6
1808-11-07,1791,6,6
1809-11-07,1792,5,6
1810-11-07,1793,4,6
1811-11-07,1794,3,6
1812-11-06,1795,2,5
1813-11-06,1796,1,5
1814-11-06,1796,13,5
1815-11-06,1797,12,5
1816-11-05,1798,11,4
1817-11-05,1799,10,4
1818-11-05,1800,9,4
1819-11-05,1801,8,4
1820-11-04,1802,7,3
1821-11-04,1803,6,3
1822-11-04,1804,5,3
1823-11-04,1805,4,3
1824-11-03,1806,3,2
1825-11-03,1807,2,2
1826-11-03,1808,1,2
1827-11-03,1808,13,2
1828-11-02,1809,12,1
1829-11-02,1810,11,1
1830-11-02,1811,10,1
1831-11-02,1812,9,1
1832-11-01,1813,8,1
1833-11-01,1814,6,30
1834-11-01,1815,5,30
1835-11-01,1816,4,30
1836-10-31,1817,3,30
1837-10-31,1818,2,29
1838-10-31,1819,1,29
1839-10-31,1819,13,29
1840-10-30,1820,12,29
1841-10-30,1821,11,28
1842-10-30,1822,10,28
1843-10-30,1823,9,28
1844-10-29,1824,8,28
1845-10-29,1825,7,27
1846-10-29,1826,6,27
1847-10-29,1827,5,27
1848-10-28,1828,4,27
1849-10-28,1829,3,26
1850-10-28,1830,2,26
1851-10-28,1831,1,26
1852-10-27,1831,13,26
1853-10-27,1832,12,25
1854-10-27,1833,11,25
1855-10-27,1834,10,25
1856-10-26,1835,9,25
1857-10-26,1836,8,25
1858-10-26,1837,7,24
1859-10-26,1838,6,24
1860-10-25,1839,5,24
1861-10-25,1840,4,24
1862-10-25,1841,3,23
1863-10-25,1842,2,23
1864-10-24,1843,1,23
1865-10-24,1843,13,23
1866-10-24,1844,12,22
1867-10-24,1845,11,22
1868-10-23,1846,10,22
1869-10-23,1847,9,22
1870-10-23,1848,8,21
1871-10-23,1849,7,21
1872-10-22,1850,6,21
1873-10-22,1851,5,21
1874-10-22,1852,4,20
1875-10-22,1853,3,20
1876-10-21,1854,2,20
1877-10-21,1855,1,20
1878-10-21,1855,13,20
1879-10-21,1856,12,19
1880-10-20,1857,11,19
1881-10-20,1858,10,19
1882-10-20,1859,9,19
1883-10-20,1860,8,18
1884-10-19,1861,7,18
1885-10-19,1862,6,18
1886-10-19,1863,5,18
1887-10-19,1864,4,17
1888-10-18,1865,3,17
1889-10-18,1866,2,17
1890-10-18,1867,1,17
1891-10-18,1867,13,16
1892-10-17,1868,12,16
1893-10-17,1869,11,16
1894-10-17,1870,10,16
1895-10-17,1871,9,15
1896-10-16,1872,8,15
1897-10-16,1873,7,15
1898-10-16,1874,6,15
1899-10-16,1875,5,14
16-10-1900,1876,4,14
16-10-1901,1877,3,14
16-10-1902,1878,2,14
16-10-1903,1879,1,14
15-10-1904,1879,13,13
15-10-1905,1880,12,13
15-10-1906,1881,11,13
15-10-1907,1882,10,13
14-10-1908,1883,9,12
14-10-1909,1884,8,12
14-10-1910,1885,7,12
14-10-1911,1886,6,12
13-10-1912,1887,5,11
13-10-1913,1888,4,11
13-10-1914,1889,3,11
13-10-1915,1890,2,11
12-10-1916,1891,1,10
12-10-1917,1891,13,10
12-10-1918,1892,12,10
12-10-1919,1893,11,10
11-10-1920,1894,10,9
11-10-1921,1895,9,9
11-10-1922,1896,8,9
11-10-1923,1897,7,9
10-10-1924,1898,6,9
10-10-1925,1899,5,8
10-10-1926,1900,4,8
10-10-1927,1901,3,8
09-10-1928,1902,2,8
09-10-1929,1903,1,7
09-10-1930,1903,13,7
09-10-1931,1904,12,7
08-10-1932,1905,11,7
08-10-1933,1906,10,6
08-10-1934,1907,9,6
08-10-1935,1908,8,6
07-10-1936,1909,7,6
07-10-1937,1910,6,5
07-10-1938,1911,5,5
07-10-1939,1912,4,5
06-10-1940,1913,3,5
06-10-1941,1914,2,4
06-10-1942,1915,1,4
06-10-1943,1915,13,4
05-10-1944,1916,12,4
05-10-1945,1917,11,3
05-10-1946,1918,10,3
05-10-1947,1919,9,3
04-10-1948,1920,8,3
04-10-1949,1921,7,3
04-10-1950,1922,6,2
04-10-1951,1923,5,2
03-10-1952,1924,4,2
03-10-1953,1925,3,2
03-10-1954,1926,2,1
03-10-1955,1927,1,1
02-10-1956,1927,13,1
02-10-1957,1928,12,1
02-10-1958,1929,10,30
02-10-1959,1930,9,30
01-10-1960,1931,8,30
01-10-1961,1932,7,30
01-10-1962,1933,6,29
01-10-1963,1934,5,29
30-09-1964,1935,4,29
30-09-1965,1936,3,29
30-09-1966,1937,2,28
30-09-1967,1938,1,28
29-09-1968,1938,13,28
29-09-1969,1939,12,28
29-09-1970,1940,11,28
29-09-1971,1941,10,27
28-09-1972,1942,9,27
28-09-1973,1943,8,27
28-09-1974,1944,7,27
28-09-1975,1945,6,26
27-09-1976,1946,5,26
27-09-1977,1947,4,26
27-09-1978,1948,3,26
27-09-1979,1949,2,25
26-09-1980,1950,1,25
26-09-1981,1950,13,25
26-09-1982,1951,12,25
26-09-1983,1952,11,24
25-09-1984,1953,10,24
25-09-1985,1954,9,24
25-09-1986,1955,8,24
25-09-1987,1956,7,23
24-09-1988,1957,6,23
24-09-1989,1958,5,23
24-09-1990,1959,4,23
24-09-1991,1960,3,23
23-09-1992,1961,2,22
23-09-1993,1962,1,22
23-09-1994,1962,13,22
23-09-1995,1963,12,22
22-09-1996,1964,11,21
22-09-1997,1965,10,21
22-09-1998,1966,9,21
22-09-1999,1967,8,21
21-09-2000,1968,7,20
21-09-2001,1969,6,20
21-09-2002,1970,5,20
21-09-2003,1971,4,20
20-09-2004,1972,3,19
20-09-2005,1973,2,19
20-09-2006,1974,1,19
20-09-2007,1974,13,19
19-09-2008,1975,12,18
19-09-2009,1976,11,18
19-09-2010,1977,10,18
19-09-2011,1978,9,18
18-09-2012,1979,8,17
18-09-2013,1980,7,17
18-09-2014,1981,6,17
18-09-2015,1982,5,17
17-09-2016,1983,4,17
17-09-2017,1984,3,16
17-09-2018,1985,2,16
17-09-2019,1986,1,16
16-09-2020,1986,13,16
16-09-2021,1987,12,15
16-09-2022,1988,11,15
16-09-2023,1989,10,15
15-09-2024,1990,9,15
15-09-2025,1991,8,14
15-09-2026,1992,7,14
15-09-2027,1993,6,14
14-09-2028,1994,5,14
14-09-2029,1995,4,13
14-09-2030,1996,3,13
14-09-2031,1997,2,13
13-09-2032,1998,1,13
13-09-2033,1998,13,12
13-09-2034,1999,12,12
13-09-2035,2000,11,12
12-09-2036,2001,10,12
12-09-2037,2002,9,12
12-09-2038,2003,8,11
12-09-2039,2004,7,11
11-09-2040,2005,6,11
11-09-2041,2006,5,11
11-09-2042,2007,4,10
11-09-2043,2008,3,10
10-09-2044,2009,2,10
10-09-2045,2010,1,10
10-09-2046,2010,13,9
10-09-2047,2011,12,9
09-09-2048,2012,11,9
09-09-2049,2013,10,9
09-09-2050,2014,9,8
09-09-2051,2015,8,8
08-09-2052,2016,7,8
08-09-2053,2017,6,8
08-09-2054,2018,5,7
08-09-2055,2019,4,7
07-09-2056,2020,3,7
07-09-2057,2021,2,7
07-09-2058,2022,1,6
07-09-2059,2022,13,6
06-09-2060,2023,12,6
06-09-2061,2024,11,6
06-09-2062,2025,10,6
06-09-2063,2026,9,5
05-09-2064,2027,8,5
05-09-2065,2028,7,5
05-09-2066,2029,6,5
05-09-2067,2030,5,4
04-09-2068,2031,4,4
04-09-2069,2032,3,4
04-09-2070,2033,2,4
04-09-2071,2034,1,3
03-09-2072,2034,13,3
03-09-2073,2035,12,3
03-09-2074,2036,11,3
03-09-2075,2037,10,2
02-09-2076,2038,9,2
02-09-2077,2039,8,2
02-09-2078,2040,7,2
02-09-2079,2041,6,1
01-09-2080,2042,5,1
01-09-2081,2043,4,1
01-09-2082,2044,3,1
01-09-2083,2045,2,1
31-08-2084,2045,13,30
31-08-2085,2046,12,30
31-08-2086,2047,11,30
31-08-2087,2048,10,30
30-08-2088,2049,9,29
30-08-2089,2050,8,29
30-08-2090,2051,7,29
30-08-2091,2052,6,29
29-08-2092,2053,5,28
29-08-2093,2054,4,28
29-08-2094,2055,3,28
29-08-2095,2056,2,28
28-08-2096,2057,1,27
28-08-2097,2057,13,27
28-08-2098,2058,12,27
28-08-2099,2059,11,27
28-08-2100,2060,10,26
28-08-2101,2061,9,26
28-08-2102,2062,8,26
28-08-2103,2063,7,26
27-08-2104,2064,6,25
27-08-2105,2065,5,25
27-08-2106,2066,4,25
27-08-2107,2067,3,25
26-08-2108,2068,2,25
26-08-2109,2069,1,24
26-08-2110,2069,13,24
26-08-2111,2070,12,24
25-08-2112,2071,11,24
25-08-2113,2072,10,23
25-08-2114,2073,9,23
25-08-2115,2074,8,23
24-08-2116,2075,7,23
24-08-2117,2076,6,22
24-08-2118,2077,5,22
24-08-2119,2078,4,22
23-08-2120,2079,3,22
23-08-2121,2080,2,21
23-08-2122,2081,1,21
23-08-2123,2081,13,21
22-08-2124,2082,12,21
22-08-2125,2083,11,20
22-08-2126,2084,10,20
22-08-2127,2085,9,20
21-08-2128,2086,8,20
21-08-2129,2087,7,20
21-08-2130,2088,6,19
21-08-2131,2089,5,19
20-08-2132,2090,4,19
20-08-2133,2091,3,19
20-08-2134,2092,2,18
20-08-2135,2093,1,18
19-08-2136,2093,13,18
19-08-2137,2094,12,18
19-08-2138,2095,11,17
19-08-2139,2096,10,17
18-08-2140,2097,9,17
18-08-2141,2098,8,17
18-08-2142,2099,7,16
18-08-2143,2100,6,16
17-08-2144,2101,5,16
17-08-2145,2102,4,16
17-08-2146,2103,3,15
17-08-2147,2104,2,15
16-08-2148,2105,1,15
16-08-2149,2105,13,15
16-08-2150,2106,12,14
16-08-2151,2107,11,14
15-08-2152,2108,10,14
15-08-2153,2109,9,14
15-08-2154,2110,8,14
15-08-2155,2111,7,13
14-08-2156,2112,6,13
14-08-2157,2113,5,13
14-08-2158,2114,4,13
14-08-2159,2115,3,12
13-08-2160,2116,2,12
13-08-2161,2117,1,12
13-08-2162,2117,13,12
13-08-2163,2118,12,11
12-08-2164,2119,11,11
12-08-2165,2120,10,11
12-08-2166,2121,9,11
12-08-2167,2122,8,10
11-08-2168,2123,7,10
11-08-2169,2124,6,10
11-08-2170,2125,5,10
11-08-2171,2126,4,9
10-08-2172,2127,3,9
10-08-2173,2128,2,9
10-08-2174,2129,1,9
10-08-2175,2129,13,9
09-08-2176,2130,12,8
09-08-2177,2131,11,8
09-08-2178,2132,10,8
09-08-2179,2133,9,8
08-08-2180,2134,8,7
08-08-2181,2135,7,7
08-08-2182,2136,6,7
08-08-2183,2137,5,7
07-08-2184,2138,4,6
07-08-2185,2139,3,6
07-08-2186,2140,2,6
07-08-2187,2141,1,6
06-08-2188,2141,13,5
06-08-2189,2142,12,5
06-08-2190,2143,11,5
06-08-2191,2144,10,5
05-08-2192,2145,9,4
05-08-2193,2146,8,4
05-08-2194,2147,7,4
05-08-2195,2148,6,4
04-08-2196,2149,5,4
04-08-2197,2150,4,3
04-08-2198,2151,3,3
04-08-2199,2152,2,3
04-08-2200,2153,1,3
04-08-2201,2153,13,2
04-08-2202,2154,12,2
04-08-2203,2155,11,2
03-08-2204,2156,10,2
03-08-2205,2157,9,1
03-08-2206,2158,8,1
03-08-2207,2159,7,1
02-08-2208,2160,6,1
02-08-2209,2161,4,30
02-08-2210,2162,3,30
02-08-2211,2163,2,30
01-08-2212,2164,1,30
01-08-2213,2164,13,29
01-08-2214,2165,12,29
01-08-2215,2166,11,29
31-07-2216,2167,10,29
31-07-2217,2168,9,28
31-07-2218,2169,8,28
31-07-2219,2170,7,28
30-07-2220,2171,6,28
30-07-2221,2172,5,28
30-07-2222,2173,4,27
30-07-2223,2174,3,27
29-07-2224,2175,2,27
29-07-2225,2176,1,27
29-07-2226,2176,13,26
29-07-2227,2177,12,26
28-07-2228,2178,11,26
28-07-2229,2179,10,26
28-07-2230,2180,9,25
28-07-2231,2181,8,25
27-07-2232,2182,7,25
27-07-2233,2183,6,25
27-07-2234,2184,5,24
27-07-2235,2185,4,24
26-07-2236,2186,3,24
26-07-2237,2187,2,24
26-07-2238,2188,1,23
26-07-2239,2188,13,23
25-07-2240,2189,12,23
25-07-2241,2190,11,23
25-07-2242,2191,10,23
25-07-2243,2192,9,22
24-07-2244,2193,8,22
24-07-2245,2194,7,22
24-07-2246,2195,6,22
24-07-2247,2196,5,21
23-07-2248,2197,4,21
23-07-2249,2198,3,21
23-07-2250,2199,2,21
23-07-2251,2200,1,20
22-07-2252,2200,13,20
22-07-2253,2201,12,20
22-07-2254,2202,11,20
22-07-2255,2203,10,19
21-07-2256,2204,9,19
21-07-2257,2205,8,19
21-07-2258,2206,7,19
21-07-2259,2207,6,18
20-07-2260,2208,5,18
20-07-2261,2209,4,18
20-07-2262,2210,3,18
20-07-2263,2211,2,17
19-07-2264,2212,1,17
19-07-2265,2212,13,17
19-07-2266,2213,12,17
19-07-2267,2214,11,17
18-07-2268,2215,10,16
18-07-2269,2216,9,16
18-07-2270,2217,8,16
18-07-2271,2218,7,16
17-07-2272,2219,6,15
17-07-2273,2220,5,15
17-07-2274,2221,4,15
17-07-2275,2222,3,15
16-07-2276,2223,2,14
16-07-2277,2224,1,14
16-07-2278,2224,13,14
16-07-2279,2225,12,14
15-07-2280,2226,11,13
15-07-2281,2227,10,13
15-07-2282,2228,9,13
15-07-2283,2229,8,13
14-07-2284,2230,7,12
14-07-2285,2231,6,12
14-07-2286,2232,5,12
14-07-2287,2233,4,12
13-07-2288,2234,3,12
13-07-2289,2235,2,11
13-07-2290,2236,1,11
13-07-2291,2236,13,11
12-07-2292,2237,12,11
12-07-2293,2238,11,10
12-07-2294,2239,10,10
12-07-2295,2240,9,10
11-07-2296,2241,8,10
11-07-2297,2242,7,9
11-07-2298,2243,6,9
11-07-2299,2244,5,9
11-07-2300,2245,4,9
11-07-2301,2246,3,8
11-07-2302,2247,2,8
11-07-2303,2248,1,8
10-07-2304,2248,13,8
10-07-2305,2249,12,7
10-07-2306,2250,11,7
10-07-2307,2251,10,7
09-07-2308,2252,9,7
09-07-2309,2253,8,6
09-07-2310,2254,7,6
09-07-2311,2255,6,6
08-07-2312,2256,5,6
08-07-2313,2257,4,6
08-07-2314,2258,3,5
08-07-2315,2259,2,5
07-07-2316,2260,1,5
07-07-2317,2260,13,5
07-07-2318,2261,12,4
07-07-2319,2262,11,4
06-07-2320,2263,10,4
06-07-2321,2264,9,4
06-07-2322,2265,8,3
06-07-2323,2266,7,3
05-07-2324,2267,6,3
05-07-2325,2268,5,3
05-07-2326,2269,4,2
05-07-2327,2270,3,2
04-07-2328,2271,2,2
04-07-2329,2272,1,2
04-07-2330,2272,13,1
04-07-2331,2273,12,1
03-07-2332,2274,11,1
03-07-2333,2275,10,1
03-07-2334,2276,9,1
03-07-2335,2277,7,30
02-07-2336,2278,6,30
02-07-2337,2279,5,30
02-07-2338,2280,4,30
02-07-2339,2281,3,29
01-07-2340,2282,2,29
01-07-2341,2283,1,29
01-07-2342,2283,13,29
01-07-2343,2284,12,28
30-06-2344,2285,11,28
30-06-2345,2286,10,28
30-06-2346,2287,9,28
30-06-2347,2288,8,27
29-06-2348,2289,7,27
29-06-2349,2290,6,27
29-06-2350,2291,5,27
29-06-2351,2292,4,26
28-06-2352,2293,3,26
28-06-2353,2294,2,26
28-06-2354,2295,1,26
28-06-2355,2295,13,25
27-06-2356,2296,12,25
27-06-2357,2297,11,25
27-06-2358,2298,10,25
27-06-2359,2299,9,25
26-06-2360,2300,8,24
26-06-2361,2301,7,24
26-06-2362,2302,6,24
26-06-2363,2303,5,24
25-06-2364,2304,4,23
25-06-2365,2305,3,23
25-06-2366,2306,2,23
25-06-2367,2307,1,23
24-06-2368,2307,13,22
24-06-2369,2308,12,22
24-06-2370,2309,11,22
24-06-2371,2310,10,22
23-06-2372,2311,9,21
23-06-2373,2312,8,21
23-06-2374,2313,7,21
23-06-2375,2314,6,21
22-06-2376,2315,5,20
22-06-2377,2316,4,20
22-06-2378,2317,3,20
22-06-2379,2318,2,20
21-06-2380,2319,1,20
21-06-2381,2319,13,19
21-06-2382,2320,12,19
21-06-2383,2321,11,19
20-06-2384,2322,10,19
20-06-2385,2323,9,18
20-06-2386,2324,8,18
20-06-2387,2325,7,18
19-06-2388,2326,6,18
19-06-2389,2327,5,17
19-06-2390,2328,4,17
19-06-2391,2329,3,17
18-06-2392,2330,2,17
18-06-2393,2331,1,16
18-06-2394,2331,13,16
18-06-2395,2332,12,16
17-06-2396,2333,11,16
17-06-2397,2334,10,15
17-06-2398,2335,9,15
17-06-2399,2336,8,15
16-06-2400,2337,7,15
16-06-2401,2338,6,15
16-06-2402,2339,5,14
16-06-2403,2340,4,14
15-06-2404,2341,3,14
15-06-2405,2342,2,14
15-06-2406,2343,1,13
15-06-2407,2343,13,13
14-06-2408,2344,12,13
14-06-2409,2345,11,13
14-06-2410,2346,10,12
14-06-2411,2347,9,12
13-06-2412,2348,8,12
13-06-2413,2349,7,12
13-06-2414,2350,6,11
13-06-2415,2351,5,11
12-06-2416,2352,4,11
12-06-2417,2353,3,11
12-06-2418,2354,2,10
12-06-2419,2355,1,10
11-06-2420,2355,13,10
11-06-2421,2356,12,10
11-06-2422,2357,11,9
11-06-2423,2358,10,9
10-06-2424,2359,9,9
10-06-2425,2360,8,9
10-06-2426,2361,7,9
10-06-2427,2362,6,8
09-06-2428,2363,5,8
09-06-2429,2364,4,8
09-06-2430,2365,3,8
09-06-2431,2366,2,7
08-06-2432,2367,1,7
08-06-2433,2367,13,7
08-06-2434,2368,12,7
08-06-2435,2369,11,6
07-06-2436,2370,10,6
07-06-2437,2371,9,6
07-06-2438,2372,8,6
07-06-2439,2373,7,5
06-06-2440,2374,6,5
06-06-2441,2375,5,5
06-06-2442,2376,4,5
06-06-2443,2377,3,4
05-06-2444,2378,2,4
05-06-2445,2379,1,4
05-06-2446,2379,13,4
05-06-2447,2380,12,4
04-06-2448,2381,11,3
04-06-2449,2382,10,3
04-06-2450,2383,9,3
04-06-2451,2384,8,3
03-06-2452,2385,7,2
03-06-2453,2386,6,2
03-06-2454,2387,5,2
03-06-2455,2388,4,2
02-06-2456,2389,3,1
02-06-2457,2390,2,1
02-06-2458,2391,1,1
02-06-2459,2391,13,1
01-06-2460,2392,11,30
01-06-2461,2393,10,30
01-06-2462,2394,9,30
01-06-2463,2395,8,30
31-05-2464,2396,7,29
31-05-2465,2397,6,29
31-05-2466,2398,5,29
31-05-2467,2399,4,29
30-05-2468,2400,3,28
30-05-2469,2401,2,28
30-05-2470,2402,1,28
30-05-2471,2402,13,28
29-05-2472,2403,12,28
29-05-2473,2404,11,27
29-05-2474,2405,10,27
29-05-2475,2406,9,27
28-05-2476,2407,8,27
28-05-2477,2408,7,26
28-05-2478,2409,6,26
28-05-2479,2410,5,26
27-05-2480,2411,4,26
27-05-2481,2412,3,25
27-05-2482,2413,2,25
27-05-2483,2414,1,25
26-05-2484,2414,13,25
26-05-2485,2415,12,24
26-05-2486,2416,11,24
26-05-2487,2417,10,24
25-05-2488,2418,9,24
25-05-2489,2419,8,23
25-05-2490,2420,7,23
25-05-2491,2421,6,23
24-05-2492,2422,5,23
24-05-2493,2423,4,23
24-05-2494,2424,3,22
24-05-2495,2425,2,22
23-05-2496,2426,1,22
23-05-2497,2426,13,22
23-05-2498,2427,12,21
23-05-2499,2428,11,21
23-05-2500,2429,10,21
23-05-2501,2430,9,21
23-05-2502,2431,8,20
23-05-2503,2432,7,20
22-05-2504,2433,6,20
22-05-2505,2434,5,20
22-05-2506,2435,4,19
22-05-2507,2436,3,19
21-05-2508,2437,2,19
21-05-2509,2438,1,19
21-05-2510,2438,13,18
21-05-2511,2439,12,18
20-05-2512,2440,11,18
20-05-2513,2441,10,18
20-05-2514,2442,9,17
20-05-2515,2443,8,17
19-05-2516,2444,7,17
19-05-2517,2445,6,17
19-05-2518,2446,5,17
19-05-2519,2447,4,16
18-05-2520,2448,3,16
18-05-2521,2449,2,16
18-05-2522,2450,1,16
18-05-2523,2450,13,15
17-05-2524,2451,12,15
17-05-2525,2452,11,15
17-05-2526,2453,10,15
17-05-2527,2454,9,14
16-05-2528,2455,8,14
16-05-2529,2456,7,14
16-05-2530,2457,6,14
16-05-2531,2458,5,13
15-05-2532,2459,4,13
15-05-2533,2460,3,13
15-05-2534,2461,2,13
15-05-2535,2462,1,12
14-05-2536,2462,13,12
14-05-2537,2463,12,12
14-05-2538,2464,11,12
14-05-2539,2465,10,12
13-05-2540,2466,9,11
13-05-2541,2467,8,11
13-05-2542,2468,7,11
13-05-2543,2469,6,11
12-05-2544,2470,5,10
12-05-2545,2471,4,10
12-05-2546,2472,3,10
12-05-2547,2473,2,10
11-05-2548,2474,1,9
11-05-2549,2474,13,9
11-05-2550,2475,12,9
11-05-2551,2476,11,9
10-05-2552,2477,10,8
10-05-2553,2478,9,8
10-05-2554,2479,8,8
10-05-2555,2480,7,8
09-05-2556,2481,6,7
09-05-2557,2482,5,7
09-05-2558,2483,4,7
09-05-2559,2484,3,7
08-05-2560,2485,2,7
08-05-2561,2486,1,6
08-05-2562,2486,13,6
08-05-2563,2487,12,6
07-05-2564,2488,11,6
07-05-2565,2489,10,5
07-05-2566,2490,9,5
07-05-2567,2491,8,5
06-05-2568,2492,7,5
06-05-2569,2493,6,4
06-05-2570,2494,5,4
06-05-2571,2495,4,4
05-05-2572,2496,3,4
05-05-2573,2497,2,3
05-05-2574,2498,1,3
05-05-2575,2498,13,3
04-05-2576,2499,12,3
04-05-2577,2500,11,2
04-05-2578,2501,10,2
04-05-2579,2502,9,2
03-05-2580,2503,8,2
03-05-2581,2504,7,1
03-05-2582,2505,6,1
03-05-2583,2506,5,1
02-05-2584,2507,4,1
02-05-2585,2508,3,1
02-05-2586,2509,1,30
02-05-2587,2509,13,30
01-05-2588,2510,12,30
01-05-2589,2511,11,30
01-05-2590,2512,10,29
01-05-2591,2513,9,29
30-04-2592,2514,8,29
30-04-2593,2515,7,29
30-04-2594,2516,6,28
30-04-2595,2517,5,28
29-04-2596,2518,4,28
29-04-2597,2519,3,28
29-04-2598,2520,2,27
29-04-2599,2521,1,27
29-04-2600,2521,13,27
29-04-2601,2522,12,27
29-04-2602,2523,11,26
29-04-2603,2524,10,26
28-04-2604,2525,9,26
28-04-2605,2526,8,26
28-04-2606,2527,7,26
28-04-2607,2528,6,25
27-04-2608,2529,5,25
27-04-2609,2530,4,25
27-04-2610,2531,3,25
27-04-2611,2532,2,24
26-04-2612,2533,1,24
26-04-2613,2533,13,24
26-04-2614,2534,12,24
26-04-2615,2535,11,23
25-04-2616,2536,10,23
25-04-2617,2537,9,23
25-04-2618,2538,8,23
25-04-2619,2539,7,22
24-04-2620,2540,6,22
24-04-2621,2541,5,22
24-04-2622,2542,4,22
24-04-2623,2543,3,21
23-04-2624,2544,2,21
23-04-2625,2545,1,21
23-04-2626,2545,13,21
23-04-2627,2546,12,20
22-04-2628,2547,11,20
22-04-2629,2548,10,20
22-04-2630,2549,9,20
22-04-2631,2550,8,20
21-04-2632,2551,7,19
21-04-2633,2552,6,19
21-04-2634,2553,5,19
21-04-2635,2554,4,19
20-04-2636,2555,3,18
20-04-2637,2556,2,18
20-04-2638,2557,1,18
20-04-2639,2557,13,18
19-04-2640,2558,12,17
19-04-2641,2559,11,17
19-04-2642,2560,10,17
19-04-2643,2561,9,17
18-04-2644,2562,8,16
18-04-2645,2563,7,16
18-04-2646,2564,6,16
18-04-2647,2565,5,16
17-04-2648,2566,4,15
17-04-2649,2567,3,15
17-04-2650,2568,2,15
17-04-2651,2569,1,15
16-04-2652,2569,13,15
16-04-2653,2570,12,14
16-04-2654,2571,11,14
16-04-2655,2572,10,14
15-04-2656,2573,9,14
15-04-2657,2574,8,13
15-04-2658,2575,7,13
15-04-2659,2576,6,13
14-04-2660,2577,5,13
14-04-2661,2578,4,12
14-04-2662,2579,3,12
14-04-2663,2580,2,12
13-04-2664,2581,1,12
13-04-2665,2581,13,11
13-04-2666,2582,12,11
13-04-2667,2583,11,11
12-04-2668,2584,10,11
12-04-2669,2585,9,10
12-04-2670,2586,8,10
12-04-2671,2587,7,10
11-04-2672,2588,6,10
11-04-2673,2589,5,9
11-04-2674,2590,4,9
11-04-2675,2591,3,9
10-04-2676,2592,2,9
10-04-2677,2593,1,9
10-04-2678,2593,13,8
10-04-2679,2594,12,8
09-04-2680,2595,11,8
09-04-2681,2596,10,8
09-04-2682,2597,9,7
09-04-2683,2598,8,7
08-04-2684,2599,7,7
08-04-2685,2600,6,7
08-04-2686,2601,5,6
08-04-2687,2602,4,6
07-04-2688,2603,3,6
07-04-2689,2604,2,6
07-04-2690,2605,1,5
07-04-2691,2605,13,5
06-04-2692,2606,12,5
06-04-2693,2607,11,5
06-04-2694,2608,10,4
06-04-2695,2609,9,4
05-04-2696,2610,8,4
05-04-2697,2611,7,4
05-04-2698,2612,6,4
05-04-2699,2613,5,3
05-04-2700,2614,4,3
05-04-2701,2615,3,3
05-04-2702,2616,2,3
05-04-2703,2617,1,2
04-04-2704,2617,13,2
04-04-2705,2618,12,2
04-04-2706,2619,11,2
04-04-2707,2620,10,1
03-04-2708,2621,9,1
03-04-2709,2622,8,1
03-04-2710,2623,7,1
03-04-2711,2624,5,30
02-04-2712,2625,4,30
02-04-2713,2626,3,30
02-04-2714,2627,2,30
02-04-2715,2628,1,29
01-04-2716,2628,13,29
01-04-2717,2629,12,29
01-04-2718,2630,11,29
01-04-2719,2631,10,28
31-03-2720,2632,9,28
31-03-2721,2633,8,28
31-03-2722,2634,7,28
31-03-2723,2635,6,28
30-03-2724,2636,5,27
30-03-2725,2637,4,27
30-03-2726,2638,3,27
30-03-2727,2639,2,27
29-03-2728,2640,1,26
29-03-2729,2640,13,26
29-03-2730,2641,12,26
29-03-2731,2642,11,26
28-03-2732,2643,10,25
28-03-2733,2644,9,25
28-03-2734,2645,8,25
28-03-2735,2646,7,25
27-03-2736,2647,6,24
27-03-2737,2648,5,24
27-03-2738,2649,4,24
27-03-2739,2650,3,24
26-03-2740,2651,2,23
26-03-2741,2652,1,23
26-03-2742,2652,13,23
26-03-2743,2653,12,23
25-03-2744,2654,11,23
25-03-2745,2655,10,22
25-03-2746,2656,9,22
25-03-2747,2657,8,22
24-03-2748,2658,7,22
24-03-2749,2659,6,21
24-03-2750,2660,5,21
24-03-2751,2661,4,21
23-03-2752,2662,3,21
23-03-2753,2663,2,20
23-03-2754,2664,1,20
23-03-2755,2664,13,20
22-03-2756,2665,12,20
22-03-2757,2666,11,19
22-03-2758,2667,10,19
22-03-2759,2668,9,19
21-03-2760,2669,8,19
21-03-2761,2670,7,18
21-03-2762,2671,6,18
21-03-2763,2672,5,18
20-03-2764,2673,4,18
20-03-2765,2674,3,18
20-03-2766,2675,2,17
20-03-2767,2676,1,17
19-03-2768,2676,13,17
19-03-2769,2677,12,17
19-03-2770,2678,11,16
19-03-2771,2679,10,16
18-03-2772,2680,9,16
18-03-2773,2681,8,16
18-03-2774,2682,7,15
18-03-2775,2683,6,15
17-03-2776,2684,5,15
17-03-2777,2685,4,15
17-03-2778,2686,3,14
17-03-2779,2687,2,14
16-03-2780,2688,1,14
16-03-2781,2688,13,14
16-03-2782,2689,12,13
16-03-2783,2690,11,13
15-03-2784,2691,10,13
15-03-2785,2692,9,13
15-03-2786,2693,8,12
15-03-2787,2694,7,12
14-03-2788,2695,6,12
14-03-2789,2696,5,12
14-03-2790,2697,4,12
14-03-2791,2698,3,11
13-03-2792,2699,2,11
13-03-2793,2700,1,11
13-03-2794,2700,13,11
13-03-2795,2701,12,10
12-03-2796,2702,11,10
12-03-2797,2703,10,10
12-03-2798,2704,9,10
12-03-2799,2705,8,9
11-03-2800,2706,7,9
11-03-2801,2707,6,9
11-03-2802,2708,5,9
11-03-2803,2709,4,8
10-03-2804,2710,3,8
10-03-2805,2711,2,8
10-03-2806,2712,1,8
10-03-2807,2712,13,7
09-03-2808,2713,12,7
09-03-2809,2714,11,7
09-03-2810,2715,10,7
09-03-2811,2716,9,7
08-03-2812,2717,8,6
08-03-2813,2718,7,6
08-03-2814,2719,6,6
08-03-2815,2720,5,6
07-03-2816,2721,4,5
07-03-2817,2722,3,5
07-03-2818,2723,2,5
07-03-2819,2724,1,5
06-03-2820,2724,13,4
06-03-2821,2725,12,4
06-03-2822,2726,11,4
06-03-2823,2727,10,4
05-03-2824,2728,9,3
05-03-2825,2729,8,3
05-03-2826,2730,7,3
05-03-2827,2731,6,3
04-03-2828,2732,5,2
04-03-2829,2733,4,2
04-03-2830,2734,3,2
04-03-2831,2735,2,2
03-03-2832,2736,1,1
03-03-2833,2736,13,1
03-03-2834,2737,12,1
03-03-2835,2738,11,1
02-03-2836,2739,10,1
02-03-2837,2740,8,30
02-03-2838,2741,7,30
02-03-2839,2742,6,30
01-03-2840,2743,5,30
01-03-2841,2744,4,29
01-03-2842,2745,3,29
01-03-2843,2746,2,29
29-02-2844,2747,1,29
28-02-2845,2747,13,28
28-02-2846,2748,12,28
28-02-2847,2749,11,28
28-02-2848,2750,10,28
27-02-2849,2751,9,27
27-02-2850,2752,8,27
27-02-2851,2753,7,27
27-02-2852,2754,6,27
26-02-2853,2755,5,26
26-02-2854,2756,4,26
26-02-2855,2757,3,26
26-02-2856,2758,2,26
25-02-2857,2759,1,26
25-02-2858,2759,13,25
25-02-2859,2760,12,25
25-02-2860,2761,11,25
24-02-2861,2762,10,25
24-02-2862,2763,9,24
24-02-2863,2764,8,24
24-02-2864,2765,7,24
23-02-2865,2766,6,24
23-02-2866,2767,5,23
23-02-2867,2768,4,23
23-02-2868,2769,3,23
22-02-2869,2770,2,23
22-02-2870,2771,1,22
22-02-2871,2771,13,22
22-02-2872,2772,12,22
21-02-2873,2773,11,22
21-02-2874,2774,10,21
21-02-2875,2775,9,21
21-02-2876,2776,8,21
20-02-2877,2777,7,21
20-02-2878,2778,6,20
20-02-2879,2779,5,20
20-02-2880,2780,4,20
19-02-2881,2781,3,20
19-02-2882,2782,2,20
19-02-2883,2783,1,19
19-02-2884,2783,13,19
18-02-2885,2784,12,19
18-02-2886,2785,11,19
18-02-2887,2786,10,18
18-02-2888,2787,9,18
17-02-2889,2788,8,18
17-02-2890,2789,7,18
17-02-2891,2790,6,17
17-02-2892,2791,5,17
16-02-2893,2792,4,17
16-02-2894,2793,3,17
16-02-2895,2794,2,16
16-02-2896,2795,1,16
15-02-2897,2795,13,16
15-02-2898,2796,12,16
15-02-2899,2797,11,15
15-02-2900,2798,10,15
15-02-2901,2799,9,15
15-02-2902,2800,8,15
15-02-2903,2801,7,15
15-02-2904,2802,6,14
14-02-2905,2803,5,14
14-02-2906,2804,4,14
14-02-2907,2805,3,14
14-02-2908,2806,2,13
13-02-2909,2807,1,13
13-02-2910,2807,13,13
13-02-2911,2808,12,13
13-02-2912,2809,11,12
12-02-2913,2810,10,12
12-02-2914,2811,9,12
12-02-2915,2812,8,12
12-02-2916,2813,7,11
11-02-2917,2814,6,11
11-02-2918,2815,5,11
11-02-2919,2816,4,11
11-02-2920,2817,3,10
10-02-2921,2818,2,10
10-02-2922,2819,1,10
10-02-2923,2819,13,10
10-02-2924,2820,12,9
09-02-2925,2821,11,9
09-02-2926,2822,10,9
09-02-2927,2823,9,9
09-02-2928,2824,8,9
08-02-2929,2825,7,8
08-02-2930,2826,6,8
08-02-2931,2827,5,8
08-02-2932,2828,4,8
07-02-2933,2829,3,7
07-02-2934,2830,2,7
07-02-2935,2831,1,7
07-02-2936,2831,13,7
06-02-2937,2832,12,6
06-02-2938,2833,11,6
06-02-2939,2834,10,6
06-02-2940,2835,9,6
05-02-2941,2836,8,5
05-02-2942,2837,7,5
05-02-2943,2838,6,5
05-02-2944,2839,5,5
04-02-2945,2840,4,4
04-02-2946,2841,3,4
04-02-2947,2842,2,4
04-02-2948,2843,1,4
03-02-2949,2843,13,4
03-02-2950,2844,12,3
03-02-2951,2845,11,3
03-02-2952,2846,10,3
02-02-2953,2847,9,3
02-02-2954,2848,8,2
02-02-2955,2849,7,2
02-02-2956,2850,6,2
01-02-2957,2851,5,2
01-02-2958,2852,4,1
01-02-2959,2853,3,1
01-02-2960,2854,2,1
31-01-2961,2855,1,1
31-01-2962,2855,12,30
31-01-2963,2856,11,30
31-01-2964,2857,10,30
30-01-2965,2858,9,30
30-01-2966,2859,8,29
30-01-2967,2860,7,29
30-01-2968,2861,6,29
29-01-2969,2862,5,29
29-01-2970,2863,4,29
29-01-2971,2864,3,28
29-01-2972,2865,2,28
28-01-2973,2866,1,28
28-01-2974,2866,13,28
28-01-2975,2867,12,27
28-01-2976,2868,11,27
27-01-2977,2869,10,27
27-01-2978,2870,9,27
27-01-2979,2871,8,26
27-01-2980,2872,7,26
26-01-2981,2873,6,26
26-01-2982,2874,5,26
26-01-2983,2875,4,25
26-01-2984,2876,3,25
25-01-2985,2877,2,25
25-01-2986,2878,1,25
25-01-2987,2878,13,24
25-01-2988,2879,12,24
24-01-2989,2880,11,24
24-01-2990,2881,10,24
24-01-2991,2882,9,23
24-01-2992,2883,8,23
23-01-2993,2884,7,23
23-01-2994,2885,6,23
23-01-2995,2886,5,23
23-01-2996,2887,4,22
22-01-2997,2888,3,22
22-01-2998,2889,2,22
22-01-2999,2890,1,22
